[{"idAgendamento":-1210288865,"dataMarcada":"AFD","dataDeExpedicao":"Jan 23, 2018 3:47:33 AM","servico":{"idProduto":-320370513,"nomeProduto":"asd","referenciaProduto":"123","valorProdutoCompra":12.0,"valorProdutoVenda":13.0,"categoriaProduto":"eita"},"cliente":{"idCliente":-498702880,"animal":{"idAnimal":-498702880,"nomeAnimal":"ADSF","tipoAnimal":"ADF","racaAnimal":"ASDF"},"nomeCliente":"ASDF","telefone":"ASDF","cpfCnpjCliente":"ASDF"},"animal":{"idAnimal":-498702880,"nomeAnimal":"ADSF","tipoAnimal":"ADF","racaAnimal":"ASDF"},"tag":"Espera","valor":13.0,"nomeCliente":"ASDF","nomeAnimal":"ADSF","nomeServico":"asd"},{"idAgendamento":1774171547,"dataMarcada":"jhgf","dataDeExpedicao":"Jan 28, 2018 11:55:30 AM","servico":{"idProduto":-792695533,"nomeProduto":"SADF","referenciaProduto":"EWR","valorProdutoCompra":14.0,"valorProdutoVenda":15.0,"categoriaProduto":"C"},"cliente":{"idCliente":693650322,"animal":{"idAnimal":554450923,"nomeAnimal":"jhgf","tipoAnimal":"jhgf","racaAnimal":"jhgf"},"nomeCliente":"jgf","telefone":"fjhgf","cpfCnpjCliente":"jhg"},"animal":{"idAnimal":554450923,"nomeAnimal":"jhgf","tipoAnimal":"jhgf","racaAnimal":"jhgf"},"tag":"bu","valor":15.0,"nomeCliente":"jgf","nomeAnimal":"jhgf","nomeServico":"SADF"}]