[{"data":"Jan 23, 2018 1:35:59 AM","numVenda":-498702880,"produto":{"idProduto":-1537310602,"nomeProduto":"PROD2","referenciaProduto":"REF2","valorProdutoCompra":13.0,"valorProdutoVenda":12.0,"categoriaProduto":"algo","quantidadeProduto":13},"cliente":{"idCliente":-498702880,"animal":{"idAnimal":-498702880,"nomeAnimal":"GOOG","tipoAnimal":"156445756","racaAnimal":"DOGO"},"nomeCliente":"ALGEUM","telefone":"1234","cpfCnpjCliente":"DOOG"},"nomeCliente":"ALGEUM","nomeProduto":"PROD2","valorProduto":12.0},{"data":"Jan 24, 2018 1:47:09 AM","numVenda":-1163806764,"produto":{"idProduto":2130263258,"nomeProduto":"EITA","referenciaProduto":"REF3","valorProdutoCompra":15.0,"valorProdutoVenda":15.0,"categoriaProduto":"algo","quantidadeProduto":20},"cliente":{"idCliente":725837574,"animal":{"idAnimal":1749603858,"nomeAnimal":"g","tipoAnimal":"hdslf","racaAnimal":"uhf"},"nomeCliente":"ah","telefone":"hodsf","cpfCnpjCliente":"g"},"nomeCliente":"ah","nomeProduto":"EITA","valorProduto":15.0},{"data":"Jan 24, 2018 2:00:10 AM","numVenda":1594362581,"produto":{"idProduto":-1537310602,"nomeProduto":"PROD2","referenciaProduto":"REF2","valorProdutoCompra":13.0,"valorProdutoVenda":12.0,"categoriaProduto":"algo","quantidadeProduto":12},"cliente":{"idCliente":-570676640,"animal":{"idAnimal":26307884,"nomeAnimal":"5","tipoAnimal":"3","racaAnimal":"4"},"nomeCliente":"1","telefone":"2","cpfCnpjCliente":"6"},"nomeCliente":"1","nomeProduto":"PROD2","valorProduto":12.0},{"data":"Jan 24, 2018 2:03:04 AM","numVenda":-236317483,"produto":{"idProduto":2130263258,"nomeProduto":"EITA","referenciaProduto":"REF3","valorProdutoCompra":15.0,"valorProdutoVenda":15.0,"categoriaProduto":"algo","quantidadeProduto":19},"cliente":{"idCliente":245223393,"nomeCliente":"QWER","telefone":"QWER","cpfCnpjCliente":"QWER"},"nomeCliente":"QWER","nomeProduto":"EITA","valorProduto":15.0},{"data":"Jan 27, 2018 1:23:59 PM","numVenda":165082666,"produto":{"idProduto":-359095736,"nomeProduto":"PRODTU","referenciaProduto":"REF","valorProdutoCompra":12.0,"valorProdutoVenda":12.0,"categoriaProduto":"algo","quantidadeProduto":12},"cliente":{"idCliente":802772756,"animal":{"idAnimal":1025704528,"nomeAnimal":"123","tipoAnimal":"1\u002723","racaAnimal":"123"},"nomeCliente":"jOSE","telefone":"123","cpfCnpjCliente":"123"},"nomeCliente":"jOSE","nomeProduto":"PRODTU","valorProduto":12.0},{"data":"Jan 28, 2018 11:55:04 AM","numVenda":1001888487,"produto":{"idProduto":-359095736,"nomeProduto":"PRODTU","referenciaProduto":"REF","valorProdutoCompra":12.0,"valorProdutoVenda":12.0,"categoriaProduto":"algo","quantidadeProduto":1},"cliente":{"idCliente":215650659,"animal":{"idAnimal":-2130334971,"nomeAnimal":"LKJG","tipoAnimal":"LKJG","racaAnimal":"LJG"},"nomeCliente":"LHKG","telefone":"LKG","cpfCnpjCliente":"LKG"},"nomeCliente":"LHKG","nomeProduto":"PRODTU","valorProduto":12.0}]